{
	"credit": "Made with Blockbench",
	"textures": {
		"0": "block/Apron3",
		"particle": "block/Apron3"
	},
	"elements": [
		{
			"from": [8.36573, 12.72622, -0.5457],
			"to": [8.71285, 13.14046, -0.33857],
			"rotation": {"angle": 0, "axis": "z", "origin": [8.49716, 13.37898, -0.42268]},
			"faces": {
				"north": {"uv": [8, 4.75, 8.49589, 5.34178], "rotation": 180, "texture": "#0"},
				"east": {"uv": [8, 4.75, 8.29589, 5.34178], "rotation": 180, "texture": "#0"},
				"south": {"uv": [8, 4.75, 8.49589, 5.34178], "rotation": 180, "texture": "#0"},
				"west": {"uv": [8, 4.75, 8.29589, 5.34178], "rotation": 180, "texture": "#0"},
				"up": {"uv": [8, 4.75, 8.49589, 5.04589], "rotation": 180, "texture": "#0"},
				"down": {"uv": [8, 4.75, 8.49589, 5.04589], "rotation": 180, "texture": "#0"}
			}
		},
		{
			"from": [8.26323, 11.58379, -0.54563],
			"to": [8.61036, 12.82653, -0.3385],
			"rotation": {"angle": -22.5, "axis": "z", "origin": [8.40946, 12.51897, -0.42303]},
			"faces": {
				"north": {"uv": [8, 4.75, 8.49589, 6.52533], "rotation": 180, "texture": "#0"},
				"east": {"uv": [8, 4.75, 8.29589, 6.52533], "rotation": 180, "texture": "#0"},
				"south": {"uv": [8, 4.75, 8.49589, 6.52533], "rotation": 180, "texture": "#0"},
				"west": {"uv": [8, 4.75, 8.29589, 6.52533], "rotation": 180, "texture": "#0"},
				"up": {"uv": [8, 4.75, 8.49589, 5.04589], "rotation": 180, "texture": "#0"},
				"down": {"uv": [8, 4.75, 8.49589, 5.04589], "rotation": 180, "texture": "#0"}
			}
		},
		{
			"from": [7.47835, 11.58429, -0.54613],
			"to": [7.82547, 12.82703, -0.339],
			"rotation": {"angle": 22.5, "axis": "z", "origin": [7.67924, 12.51948, -0.42353]},
			"faces": {
				"north": {"uv": [8, 4.75, 8.49589, 6.52533], "rotation": 180, "texture": "#0"},
				"east": {"uv": [8, 4.75, 8.29589, 6.52533], "rotation": 180, "texture": "#0"},
				"south": {"uv": [8, 4.75, 8.49589, 6.52533], "rotation": 180, "texture": "#0"},
				"west": {"uv": [8, 4.75, 8.29589, 6.52533], "rotation": 180, "texture": "#0"},
				"up": {"uv": [8, 4.75, 8.49589, 5.04589], "rotation": 180, "texture": "#0"},
				"down": {"uv": [8, 4.75, 8.49589, 5.04589], "rotation": 180, "texture": "#0"}
			}
		},
		{
			"from": [7.37595, 12.72678, -0.54617],
			"to": [7.72307, 13.14103, -0.33905],
			"rotation": {"angle": 0, "axis": "z", "origin": [7.59164, 13.37956, -0.42316]},
			"faces": {
				"north": {"uv": [8, 4.75, 8.49589, 5.34178], "rotation": 180, "texture": "#0"},
				"east": {"uv": [8, 4.75, 8.29589, 5.34178], "rotation": 180, "texture": "#0"},
				"south": {"uv": [8, 4.75, 8.49589, 5.34178], "rotation": 180, "texture": "#0"},
				"west": {"uv": [8, 4.75, 8.29589, 5.34178], "rotation": 180, "texture": "#0"},
				"up": {"uv": [8, 4.75, 8.49589, 5.04589], "rotation": 180, "texture": "#0"},
				"down": {"uv": [8, 4.75, 8.49589, 5.04589], "rotation": 180, "texture": "#0"}
			}
		},
		{
			"from": [7.4466, 13.04567, -0.54629],
			"to": [7.79373, 13.45991, -0.33917],
			"rotation": {"angle": -22.5, "axis": "z", "origin": [7.6511, 13.27073, -0.42157]},
			"faces": {
				"north": {"uv": [8, 4.75, 8.49589, 5.34178], "rotation": 180, "texture": "#0"},
				"east": {"uv": [8, 4.75, 8.29589, 5.34178], "rotation": 180, "texture": "#0"},
				"south": {"uv": [8, 4.75, 8.49589, 5.34178], "rotation": 180, "texture": "#0"},
				"west": {"uv": [8, 4.75, 8.29589, 5.34178], "rotation": 180, "texture": "#0"},
				"up": {"uv": [8, 4.75, 8.49589, 5.04589], "rotation": 180, "texture": "#0"},
				"down": {"uv": [8, 4.75, 8.49589, 5.04589], "rotation": 180, "texture": "#0"}
			}
		},
		{
			"from": [7.59754, 13.26528, -0.54641],
			"to": [8.15178, 13.61241, -0.33929],
			"rotation": {"angle": 22.5, "axis": "z", "origin": [7.78924, 13.4103, -0.42101]},
			"faces": {
				"north": {"uv": [8, 4.75, 8.49589, 5.54178], "rotation": 90, "texture": "#0"},
				"east": {"uv": [8, 4.75, 8.29589, 5.24589], "rotation": 180, "texture": "#0"},
				"south": {"uv": [8, 4.75, 8.79178, 5.24589], "rotation": 180, "texture": "#0"},
				"west": {"uv": [8, 4.75, 8.29589, 5.24589], "rotation": 180, "texture": "#0"},
				"up": {"uv": [8, 4.75, 8.79178, 5.04589], "rotation": 180, "texture": "#0"},
				"down": {"uv": [8, 4.75, 8.79178, 5.04589], "rotation": 180, "texture": "#0"}
			}
		},
		{
			"from": [7.93755, 13.26495, -0.54607],
			"to": [8.4918, 13.61207, -0.33895],
			"rotation": {"angle": -22.5, "axis": "z", "origin": [8.3001, 13.40996, -0.42067]},
			"faces": {
				"north": {"uv": [8, 4.75, 8.49589, 5.54178], "rotation": 90, "texture": "#0"},
				"east": {"uv": [8, 4.75, 8.29589, 5.24589], "rotation": 180, "texture": "#0"},
				"south": {"uv": [8, 4.75, 8.79178, 5.24589], "rotation": 180, "texture": "#0"},
				"west": {"uv": [8, 4.75, 8.29589, 5.24589], "rotation": 180, "texture": "#0"},
				"up": {"uv": [8, 4.75, 8.79178, 5.04589], "rotation": 180, "texture": "#0"},
				"down": {"uv": [8, 4.75, 8.79178, 5.04589], "rotation": 180, "texture": "#0"}
			}
		},
		{
			"from": [8.29517, 13.04506, -0.54569],
			"to": [8.64229, 13.4593, -0.33857],
			"rotation": {"angle": 22.5, "axis": "z", "origin": [8.43778, 13.27011, -0.42097]},
			"faces": {
				"north": {"uv": [8, 4.75, 8.49589, 5.34178], "rotation": 180, "texture": "#0"},
				"east": {"uv": [8, 4.75, 8.29589, 5.34178], "rotation": 180, "texture": "#0"},
				"south": {"uv": [8, 4.75, 8.49589, 5.34178], "rotation": 180, "texture": "#0"},
				"west": {"uv": [8, 4.75, 8.29589, 5.34178], "rotation": 180, "texture": "#0"},
				"up": {"uv": [8, 4.75, 8.49589, 5.04589], "rotation": 180, "texture": "#0"},
				"down": {"uv": [8, 4.75, 8.49589, 5.04589], "rotation": 180, "texture": "#0"}
			}
		},
		{
			"from": [5.91133, 5.31824, -0.84804],
			"to": [10.11133, 6.01824, -0.14804],
			"rotation": {"angle": 45, "axis": "z", "origin": [8.00908, 8.49029, -0.49537]},
			"faces": {
				"north": {"uv": [8, 4.75, 12.75, 5.75], "texture": "#0"},
				"east": {"uv": [8, 4.75, 12.75, 5.75], "texture": "#0"},
				"south": {"uv": [8, 4.75, 12.75, 5.75], "texture": "#0"},
				"west": {"uv": [8, 4.75, 12.75, 5.75], "texture": "#0"},
				"up": {"uv": [8, 4.75, 12.75, 5.75], "texture": "#0"},
				"down": {"uv": [8, 4.75, 12.75, 5.75], "texture": "#0"}
			}
		},
		{
			"from": [5.8996, 10.94336, -0.84205],
			"to": [10.0996, 11.64336, -0.14205],
			"rotation": {"angle": 45, "axis": "z", "origin": [8.00586, 8.49953, -0.48938]},
			"faces": {
				"north": {"uv": [8, 4.75, 12.75, 5.75], "rotation": 180, "texture": "#0"},
				"east": {"uv": [8, 4.75, 12.75, 5.75], "rotation": 180, "texture": "#0"},
				"south": {"uv": [8, 4.75, 12.75, 5.75], "rotation": 180, "texture": "#0"},
				"west": {"uv": [8, 4.75, 12.75, 5.75], "rotation": 180, "texture": "#0"},
				"up": {"uv": [8, 4.75, 12.75, 5.75], "rotation": 180, "texture": "#0"},
				"down": {"uv": [8, 4.75, 12.75, 5.75], "rotation": 180, "texture": "#0"}
			}
		},
		{
			"from": [5.3746, 6.04336, -0.66705],
			"to": [10.6246, 10.94336, -0.31705],
			"rotation": {"angle": 45, "axis": "z", "origin": [8.00586, 8.49953, -0.48938]},
			"faces": {
				"north": {"uv": [0.75, 4, 5, 8.25], "rotation": 180, "texture": "#0"},
				"east": {"uv": [0.75, 4, 5, 8.25], "rotation": 180, "texture": "#0"},
				"south": {"uv": [0.75, 4, 5, 8.25], "rotation": 180, "texture": "#0"},
				"west": {"uv": [0.75, 4, 5, 8.25], "rotation": 180, "texture": "#0"},
				"up": {"uv": [0.75, 4, 5, 8.25], "rotation": 180, "texture": "#0"},
				"down": {"uv": [0.75, 4, 5, 8.25], "rotation": 180, "texture": "#0"}
			}
		},
		{
			"from": [7.26329, 11.49058, -0.84203],
			"to": [8.77153, 12.20307, -0.1292],
			"rotation": {"angle": 0, "axis": "z", "origin": [6.3184, 11.85397, -0.47409]},
			"faces": {
				"north": {"uv": [8, 4.75, 10, 5.75], "rotation": 180, "texture": "#0"},
				"east": {"uv": [8, 4.75, 10, 5.75], "rotation": 180, "texture": "#0"},
				"south": {"uv": [8, 4.75, 10, 5.75], "rotation": 180, "texture": "#0"},
				"west": {"uv": [8, 4.75, 10, 5.75], "rotation": 180, "texture": "#0"},